0.20889806747436523,0,0,0,0,828,824,784,0,780,776,776,0,800,806,814,0,1212,1209,1221,0,1219,1228,1234,0,1248,1254,1262,0,1270,1277,1304,0,1327,1336,1346,0,1366,1386,256,0,250,250,250,0,251,250,249,0,252,253,254,0,258,258,0,0,0,0,252,0,250,248,248,0,248,248,247,0,247,249,249,0,248,248,248,0,249,249,250,0,251,252,255,0,0,0,0,0,260,258,257,0,256,256,255,0,255,255,256,0,257,257,262,0,0,0,0,0,0,0,0,0,0,0,1680,0,1553,1561,1565,0,1920,1761,1749,0,1652,1796,1718,0,0,0,0,0,2087,2088,0,0,0,2574,0,0,2334,0,0,0,2131,2080,2045,0,1978,1937,1871,0,1821,1790,1765,0,1713,1685,1667,0,1625,1605,1578,0,1538,1521,1511,0,0,0,0,0,0,0,0,0,0,0,0,0,0,1398,798,0,743,706,653,0,634,631,624,0,616,626,629,0,624,627,681,0,746,788,0,0,1320,1323,1326,0,1330,1343,1354,0,1369,1371,1378,0,1393,1399,1412,0,1426,1432,1466,0,1485,1503,1518,0,0,0,0,0,0,0,0,0,0,0,0,0,0,0,0,0,0,828,798,0,770,0,0,0,0,0,0,0,0,0,0,0,0,0,0,0,0,0,0,0,0,0,0,0,0,0,0,0,0,0,681,0,662,667,675,0,694,699,703,0,715,723,731,0,878,884,888,0,909,922,928,0,964,978,985,0,996,994,989,0,976,968,946,0,888,874,857,0,866,879,1141,0,1158,1178,1184,0,1216,1228,1255,0,1065,1040,1029,0,0,0,1067,0,1223,1223,1225,0,901,897,876,0,864,865,856,0,862,842,838,0,829,829,0,0,0,0,0,0,0,0,0,0,8,89,1184,0,6241,6346,8392,0,241,74,15,0,1707,2188,1997,0,1942,1949,1763,0,1929,1613,1533,0,1683,1811,1817,0,1656,1598,1822,0,1575,1440,1743,0,7948,8322,11714,0,15002,9946,9461,0,7621,7021,5838,0,2501,29,0,0,0,0,1771,0,7105,7661,8604,0,8952,8953,10066,0,10772,10423,10756,0,10562,9577,9701,0,8753,9173,8319,0,7170,5604,4036,0,0,0,0,0,1776,3553,6572,0,8012,9029,9366,0,9601,22591,11896,0,8487,7259,4465,0,0,0,0,0,0,0,0,0,0,0,14,0,1423,1155,1205,0,133,105,12,0,1194,27,15,0,0,0,0,0,620,1015,0,0,0,452,0,0,576,0,0,0,529,796,828,0,904,818,1072,0,1060,1102,1039,0,1095,1317,1167,0,1450,1341,1431,0,1434,1577,1394,0,0,0,0,0,0,0,0,0,0,0,0,0,0,52,368,0,1212,627,1388,0,1588,1628,1389,0,1622,1434,1492,0,1627,1675,1475,0,1084,1557,0,0,2030,1926,1836,0,1923,1926,1737,0,1569,1852,1792,0,1568,1749,1513,0,1663,1554,1583,0,1507,1790,1537,0,0,0,0,0,0,0,0,0,0,0,0,0,0,0,0,0,0,605,1428,0,1584,0,0,0,0,0,0,0,0,0,0,0,0,0,0,0,0,0,0,0,0,0,0,0,0,0,0,0,0,0,211,0,3017,2117,1185,0,922,1100,1171,0,1086,956,729,0,648,1158,1657,0,783,640,808,0,724,892,1406,0,1687,1989,1569,0,1227,999,588,0,831,1144,2577,0,1533,747,1783,0,1826,1643,1504,0,1592,1337,1465,0,683,1295,2046,0,0,0,524,0,1911,2449,1974,0,858,877,1136,0,1306,1294,1094,0,382,1283,1349,0,1406,1505,0,0,0,0,0,0
0.6070561408996582,0,0,0,0,0,823,782,0,780,776,775,0,800,803,812,0,1213,1210,1217,0,1220,1227,1235,0,1249,1254,1266,0,1272,1277,1303,0,1325,1329,1345,0,1367,1387,256,0,250,251,250,0,251,250,250,0,252,253,254,0,258,258,0,0,0,0,253,0,250,248,248,0,248,248,247,0,247,249,249,0,248,248,248,0,249,249,250,0,251,252,255,0,0,0,0,0,259,259,256,0,256,255,255,0,255,255,256,0,257,257,262,0,0,0,0,0,0,0,0,0,1854,0,1689,0,1555,1564,1564,0,1927,1782,1755,0,1651,1725,1734,0,0,0,0,0,2087,2085,0,0,0,2583,0,0,2325,0,0,0,2136,2099,2037,0,1978,1941,1870,0,1821,1790,1764,0,1715,1683,1666,0,1624,1603,1572,0,1538,1521,1511,0,0,0,0,0,0,0,0,0,0,0,0,0,0,1378,785,0,717,678,646,0,631,630,621,0,618,627,632,0,624,631,685,0,776,787,0,0,1321,1326,1320,0,1332,1342,1353,0,1370,1370,1373,0,1394,1404,1415,0,1427,1436,1466,0,1485,1502,1518,0,0,0,0,0,0,0,0,0,0,0,0,0,0,0,0,0,0,830,799,0,771,0,0,0,0,0,0,0,0,0,0,0,0,0,0,0,0,0,0,0,0,0,0,0,0,0,0,0,0,0,679,0,663,666,674,0,696,701,705,0,712,725,731,0,878,883,891,0,906,922,931,0,969,976,989,0,995,987,985,0,971,956,938,0,887,872,860,0,866,878,1139,0,1159,1178,1184,0,1216,1229,1255,0,1065,1042,1025,0,0,0,1067,0,1226,1222,1223,0,902,895,876,0,867,866,855,0,860,844,835,0,829,829,0,0,0,0,0,0,0,0,0,0,0,96,1254,0,6048,6054,8261,0,240,70,15,0,1723,2214,1923,0,1988,1947,1771,0,1942,1581,1554,0,1701,1761,1818,0,1609,1615,1806,0,1492,1503,1687,0,8040,8321,11997,0,14135,10346,9582,0,7548,7002,5909,0,2709,73,0,0,0,0,1436,0,7077,7681,8644,0,9049,9129,10142,0,10860,10457,10797,0,10479,9755,9642,0,8819,9173,8291,0,7311,5696,3915,0,0,0,0,0,1797,3703,6758,0,8248,8763,9159,0,9731,23086,12032,0,8463,7325,4547,0,0,0,0,0,0,0,0,0,18,0,20,0,1379,1142,1183,0,133,37,15,0,1313,10,14,0,0,0,0,0,611,1022,0,0,0,381,0,0,580,0,0,0,706,809,883,0,922,944,1002,0,985,1114,1106,0,1071,1215,1166,0,1297,1323,1500,0,1454,1622,1375,0,0,0,0,0,0,0,0,0,0,0,0,0,0,241,712,0,745,1397,1413,0,1744,1487,1347,0,1415,1384,1534,0,1594,1328,1897,0,129,1320,0,0,1877,1834,1981,0,1688,1813,1783,0,1518,1863,1765,0,1586,1654,1679,0,1605,1367,1553,0,1573,1799,1560,0,0,0,0,0,0,0,0,0,0,0,0,0,0,0,0,0,0,642,1419,0,1611,0,0,0,0,0,0,0,0,0,0,0,0,0,0,0,0,0,0,0,0,0,0,0,0,0,0,0,0,0,229,0,2973,2102,1276,0,905,1086,1166,0,1066,923,713,0,718,1151,1626,0,870,645,764,0,729,1125,1439,0,1745,1992,1847,0,1427,1078,572,0,895,1113,1974,0,1510,682,1838,0,1673,1568,1503,0,1614,1413,1469,0,746,1383,2092,0,0,0,597,0,1747,2003,1813,0,833,926,1108,0,1325,1222,1197,0,414,1383,1418,0,1496,1557,0,0,0,0,0,0
0.6100013256072998,0,0,0,0,0,822,782,0,777,777,776,0,800,812,815,0,1211,1211,1216,0,1221,1229,1233,0,1247,1254,1262,0,1273,1280,1303,0,1325,1325,1345,0,1365,1392,256,0,250,251,250,0,251,250,250,0,252,253,254,0,258,260,0,0,0,0,252,0,249,249,248,0,248,248,247,0,248,248,249,0,249,248,248,0,249,249,250,0,252,252,254,0,0,0,0,0,260,259,257,0,256,256,254,0,255,255,258,0,256,257,261,0,0,0,0,0,0,0,0,0,1847,0,1675,0,1551,1558,1566,0,1949,1759,1741,0,1652,1736,1736,0,0,0,0,0,2090,2084,0,0,0,2566,0,0,2340,0,0,0,2132,2088,2036,0,1976,1936,1871,0,1822,1790,1762,0,1710,1688,1668,0,1622,1606,1575,0,1538,1523,1510,0,0,0,634,0,0,0,0,0,0,0,0,0,0,1396,782,0,713,675,644,0,629,628,616,0,617,624,628,0,627,631,686,0,763,789,0,0,1325,1321,1320,0,1333,1339,1353,0,1369,1366,1377,0,1392,1399,1411,0,1426,1433,1467,0,1484,1502,1518,0,0,0,0,0,0,0,0,0,0,0,0,0,0,0,0,0,0,830,798,0,771,0,0,0,0,0,0,0,0,0,0,0,0,0,0,0,0,0,0,0,0,0,0,0,0,0,0,0,0,0,678,0,661,667,674,0,693,697,703,0,713,725,731,0,878,883,890,0,907,922,933,0,967,973,988,0,997,994,986,0,972,966,944,0,888,874,858,0,864,885,1139,0,1161,1178,1186,0,1213,1227,1253,0,1062,1040,1032,0,0,0,1070,0,1223,1225,1227,0,898,895,877,0,863,865,855,0,861,843,836,0,829,829,0,0,0,0,0,0,0,0,0,0,0,89,1230,0,6485,6172,8454,0,256,61,16,0,1724,2226,1981,0,2000,1883,1738,0,2021,1545,1499,0,1736,1824,1800,0,1642,1673,1706,0,1556,1609,1598,0,7985,8240,12151,0,13586,10314,9323,0,7339,6731,5823,0,2602,123,0,0,0,0,1055,0,6696,7560,8471,0,9096,9083,9961,0,10475,10969,11610,0,11943,9959,9704,0,9029,9138,8833,0,7364,5899,3280,0,0,0,0,0,2113,3787,6565,0,7981,8863,9321,0,9622,21255,14300,0,8581,7407,4621,0,0,0,0,0,0,0,0,0,22,0,8,0,1311,1234,1178,0,117,167,8,0,1091,7,12,0,0,0,0,0,620,1006,0,0,0,446,0,0,509,0,0,0,510,733,826,0,777,815,1090,0,1016,1125,1089,0,1132,1186,1168,0,1407,1363,1472,0,1496,1448,1458,0,0,0,8,0,0,0,0,0,0,0,0,0,0,90,637,0,1253,1465,1474,0,1786,1585,1404,0,1528,1564,1738,0,1608,1473,2045,0,621,1474,0,0,1953,1927,1789,0,1750,1786,1770,0,1598,1941,1744,0,1484,1745,1544,0,1641,1527,1549,0,1555,1785,1543,0,0,0,0,0,0,0,0,0,0,0,0,0,0,0,0,0,0,568,1425,0,1549,0,0,0,0,0,0,0,0,0,0,0,0,0,0,0,0,0,0,0,0,0,0,0,0,0,0,0,0,0,266,0,3044,2248,1000,0,818,1313,1094,0,1112,845,719,0,694,1146,1673,0,834,723,727,0,753,949,1268,0,1779,2007,1534,0,1283,1028,582,0,877,1108,2139,0,1519,622,1830,0,1712,1543,1540,0,1697,1387,1506,0,734,1315,1897,0,0,0,512,0,1945,2360,1883,0,868,938,1105,0,1281,1265,1122,0,402,1324,1374,0,1502,1595,0,0,0,0,0,0
0.8232929706573486,0,0,0,0,825,821,784,0,783,773,775,0,801,811,817,0,1211,1216,1212,0,1226,1222,1233,0,1245,1251,1258,0,1277,1281,1300,0,1324,1325,1345,0,1368,1387,256,0,251,251,250,0,251,250,249,0,252,253,254,0,258,259,0,0,0,0,253,0,250,248,248,0,248,248,247,0,247,249,249,0,248,248,248,0,249,249,250,0,252,252,255,0,0,0,0,0,259,259,257,0,256,255,255,0,255,254,256,0,257,257,262,0,0,0,0,0,0,0,0,0,1853,0,1685,0,1552,1564,1563,0,1936,1780,1756,0,1654,1664,1729,0,0,0,0,0,2090,2083,0,0,0,2566,0,0,2335,0,0,0,2132,2093,2040,0,1976,1940,1870,0,1820,1791,1766,0,1713,1684,1670,0,1625,1606,1577,0,1538,1522,1512,0,0,0,0,0,0,0,0,0,0,0,0,0,0,0,776,0,713,677,644,0,629,625,617,0,619,629,630,0,630,636,690,0,778,789,0,0,1324,1324,1320,0,1331,1342,1353,0,1369,1367,1375,0,1393,1400,1413,0,1428,1434,1466,0,1484,1504,1517,0,0,0,0,0,0,0,0,0,0,0,0,0,0,0,0,0,0,832,799,0,771,0,0,0,0,0,0,0,0,0,0,0,0,0,0,0,0,0,0,0,0,0,0,0,0,0,0,0,0,0,677,0,660,666,673,0,693,700,704,0,714,721,732,0,876,883,894,0,907,925,933,0,968,976,984,0,996,992,988,0,970,956,937,0,883,869,859,0,859,881,1141,0,1161,1181,1187,0,1217,1228,1250,0,1063,1041,1030,0,0,0,1066,0,1223,1221,1225,0,901,893,877,0,863,866,855,0,859,844,836,0,828,829,0,0,0,0,0,0,0,0,0,0,12,86,1037,0,6582,6466,8132,0,246,51,10,0,1745,2150,1948,0,2026,1956,1797,0,2020,1684,1536,0,1522,1822,1778,0,1666,1691,1755,0,1433,1497,1811,0,7853,8304,12028,0,13949,10262,9607,0,7595,7016,5963,0,2593,99,0,0,0,0,1590,0,7006,7853,8704,0,9282,8985,10106,0,10759,10497,10939,0,10690,9603,9800,0,8642,9006,8345,0,7267,5591,3660,0,0,0,0,0,1753,3686,6578,0,8013,9067,9403,0,9539,22309,12787,0,8814,7278,4407,0,0,0,0,0,0,0,0,0,17,0,11,0,1423,1203,1176,0,115,35,16,0,1495,673,33,0,0,0,0,0,601,926,0,0,0,427,0,0,524,0,0,0,516,672,811,0,817,787,1110,0,1089,1113,1062,0,1068,1238,1155,0,1471,1309,1416,0,1446,1543,1350,0,0,0,0,0,0,0,0,0,0,0,0,0,0,0,568,0,1297,1273,1647,0,1642,1635,1584,0,1333,1570,1655,0,1675,1492,1877,0,449,1239,0,0,1858,1785,1932,0,1703,1868,1730,0,1553,1895,1771,0,1498,1710,1606,0,1616,1438,1571,0,1541,1787,1576,0,0,0,0,0,0,0,0,0,0,0,0,0,0,0,0,0,0,594,1395,0,1623,0,0,0,0,0,0,0,0,0,0,0,0,0,0,0,0,0,0,0,0,0,0,0,0,0,0,0,0,0,355,0,2976,2367,1008,0,875,1131,1180,0,1121,1017,831,0,693,1173,1787,0,815,729,709,0,764,969,1321,0,1721,1935,1616,0,1448,1112,602,0,911,1337,1775,0,1632,595,1540,0,1546,1472,1628,0,1576,1387,1505,0,719,1375,1851,0,0,0,551,0,1939,2345,1841,0,853,921,1078,0,1262,1240,1097,0,479,1389,1388,0,1484,1613,0,0,0,0,0,0
1.0267236232757568,0,0,0,0,825,820,787,0,785,772,775,0,802,807,815,0,1212,1216,1212,0,1224,1224,1233,0,1245,1252,1259,0,1273,1278,1303,0,1326,1327,1343,0,1369,1387,256,0,251,250,250,0,251,250,250,0,252,253,254,0,258,257,0,0,0,0,253,0,249,248,248,0,248,247,247,0,247,249,249,0,248,248,248,0,249,249,250,0,252,252,255,0,0,0,0,0,260,258,256,0,256,255,255,0,255,255,256,0,257,257,262,0,0,0,0,0,0,0,0,0,0,0,1688,0,1551,1556,1568,0,1939,1762,1757,0,1651,1807,1734,0,0,0,0,0,2095,2094,0,0,0,2569,0,0,2336,0,0,0,2134,2094,2039,0,1975,1938,1870,0,1820,1790,1765,0,1715,1684,1669,0,1624,1606,1577,0,1538,1522,1510,0,0,0,681,0,0,0,0,0,0,0,0,0,0,1397,780,0,716,676,643,0,633,630,616,0,619,630,627,0,631,637,689,0,776,792,0,0,1325,1323,1318,0,1333,1339,1353,0,1370,1364,1373,0,1393,1402,1413,0,1426,1436,1465,0,1485,1503,1518,0,0,0,0,0,0,0,0,0,0,0,0,0,0,0,0,0,0,829,798,0,771,0,0,0,0,0,0,0,0,0,0,0,0,0,0,0,0,0,0,0,0,0,0,0,0,0,0,0,0,0,680,0,662,667,674,0,693,699,704,0,713,725,732,0,878,884,891,0,907,924,933,0,968,974,986,0,996,995,987,0,974,967,945,0,892,871,856,0,866,882,1141,0,1159,1179,1185,0,1213,1228,1249,0,1063,1041,1026,0,0,0,1073,0,1223,1225,1227,0,901,893,878,0,860,862,853,0,854,845,838,0,829,830,0,0,0,0,0,0,0,0,0,0,13,83,889,0,6487,6567,8184,0,238,72,10,0,1730,2207,1937,0,2014,1931,1791,0,2067,1655,1571,0,1621,1912,1797,0,1641,1595,1813,0,1440,1475,1744,0,7827,8307,11725,0,14105,10030,9519,0,7374,6770,5716,0,2316,19,0,0,0,0,1613,0,6830,7523,8650,0,8597,8961,10027,0,10840,10492,10947,0,11067,9743,9954,0,9059,9006,8273,0,7273,5623,3716,0,0,0,0,0,2159,3638,6756,0,8196,8914,9345,0,9591,22315,11643,0,8673,7230,4548,0,0,0,0,0,0,0,0,0,0,0,7,0,1466,1225,1204,0,114,127,13,0,1007,48,14,0,0,0,0,0,605,961,0,0,0,473,0,0,533,0,0,0,525,688,803,0,795,773,1128,0,1069,1101,1061,0,1078,1235,1141,0,1474,1286,1408,0,1498,1477,1519,0,0,0,9,0,0,0,0,0,0,0,0,0,0,60,533,0,1280,1427,1388,0,1779,1447,1402,0,1313,1469,1705,0,1602,1594,1915,0,233,924,0,0,1964,1793,1855,0,1698,1878,1759,0,1539,1933,1797,0,1536,1664,1749,0,1590,1436,1612,0,1527,1798,1527,0,0,0,0,0,0,0,0,0,0,0,0,0,0,0,0,0,0,566,1406,0,1575,0,0,0,0,0,0,0,0,0,0,0,0,0,0,0,0,0,0,0,0,0,0,0,0,0,0,0,0,0,199,0,3006,2218,1064,0,875,1221,1045,0,1057,846,707,0,683,1161,1702,0,850,763,713,0,779,960,1349,0,1910,1811,1576,0,1140,897,621,0,780,1199,2606,0,1451,686,1806,0,1781,1576,1520,0,1669,1350,1546,0,690,1334,1809,0,0,0,503,0,1930,2353,1890,0,855,955,1014,0,1256,1284,1133,0,592,1389,1505,0,1453,1436,0,0,0,0,0,0
1.2322425842285156,0,0,0,0,826,819,788,0,786,773,776,0,800,810,813,0,1210,1215,1213,0,1223,1224,1234,0,1245,1251,1258,0,1275,1279,1303,0,1326,1330,1344,0,1365,1383,256,0,251,250,250,0,251,250,249,0,252,253,254,0,258,259,0,0,0,0,253,0,250,248,248,0,248,248,247,0,247,249,249,0,248,248,248,0,249,249,250,0,252,252,255,0,0,0,0,0,260,258,257,0,256,255,255,0,255,255,256,0,257,257,262,0,0,0,0,0,0,0,0,0,1846,0,1707,0,1551,1558,1569,0,1947,1735,1755,0,1656,0,1736,0,0,0,0,0,2107,2084,0,0,0,2564,0,0,2331,0,0,0,2130,2094,2048,0,1977,1929,1871,0,1818,1795,1755,0,1712,1682,1668,0,1620,1607,1577,0,1538,1526,1512,0,0,0,639,0,0,0,0,0,0,0,0,0,0,1366,772,0,719,676,647,0,635,630,622,0,619,630,635,0,633,635,690,0,778,804,0,0,1324,1323,1324,0,1328,1344,1354,0,1369,1366,1376,0,1394,1404,1417,0,1431,1441,1466,0,1483,1503,1519,0,0,0,0,0,0,0,0,0,0,0,0,0,0,0,0,0,0,828,797,0,771,0,0,0,0,0,0,0,0,0,0,0,0,0,0,0,0,0,0,0,0,0,0,0,0,0,0,0,0,0,681,0,664,667,673,0,693,699,706,0,715,723,732,0,875,883,889,0,909,924,932,0,968,978,986,0,997,992,985,0,974,967,942,0,882,876,862,0,863,894,1139,0,1162,1180,1187,0,1216,1227,1251,0,1056,1039,1030,0,0,0,1072,0,1224,1221,1227,0,907,890,876,0,859,861,855,0,850,845,835,0,836,825,0,0,0,0,0,0,0,0,0,0,20,87,786,0,6416,6662,8149,0,247,73,11,0,1731,2185,1965,0,1991,1933,1742,0,2056,1683,1538,0,1577,1830,1793,0,1619,1547,1805,0,1454,1394,2001,0,7807,8270,11777,0,14047,10079,9325,0,7583,6991,5876,0,2509,73,0,0,0,0,1729,0,7053,7752,8633,0,9215,8948,9991,0,10738,10384,10721,0,10522,9729,9637,0,8557,8748,8412,0,7281,5660,3609,0,0,0,0,0,1878,3512,6575,0,8039,8675,9269,0,9550,21854,12154,0,8878,7296,4541,0,0,0,0,0,0,0,0,0,17,0,9,0,1405,1219,1192,0,126,89,21,0,1091,0,13,0,0,0,0,0,696,886,0,0,0,468,0,0,505,0,0,0,526,651,743,0,773,1068,1160,0,1083,1114,1080,0,1177,1369,1113,0,1494,1325,1422,0,1416,1541,1400,0,0,0,70,0,0,0,0,0,0,0,0,0,0,1210,562,0,1382,1332,1460,0,1788,1525,1322,0,1212,1655,1708,0,1513,1423,1859,0,298,479,0,0,1929,1907,1793,0,1839,1798,1782,0,1590,1965,1733,0,1575,1757,1431,0,1604,1514,1589,0,1583,1692,1433,0,0,0,0,0,0,0,0,0,0,0,0,0,0,0,0,0,0,646,1420,0,1501,0,0,0,0,0,0,0,0,0,0,0,0,0,0,0,0,0,0,0,0,0,0,0,0,0,0,0,0,0,248,0,2637,2089,975,0,821,1471,1189,0,1221,827,422,0,690,1408,1694,0,808,727,787,0,782,1153,1480,0,1763,1854,1534,0,1203,942,574,0,989,1358,2174,0,1361,519,1838,0,1669,1570,1441,0,1638,1355,1371,0,846,1336,1898,0,0,0,563,0,2031,2240,1981,0,788,958,1057,0,1301,1291,1325,0,1176,1594,1426,0,1509,1575,0,0,0,0,0,0
1.4360201358795166,0,0,0,0,0,795,786,0,775,781,776,0,802,812,0,0,1208,1214,1209,0,1221,1230,1228,0,1249,1254,1255,0,1279,1282,1304,0,1328,1333,1342,0,1364,1386,256,0,251,249,250,0,251,250,250,0,252,253,253,0,257,0,0,0,0,0,252,0,250,249,249,0,247,247,248,0,248,248,248,0,248,248,248,0,249,248,250,0,251,253,255,0,0,0,0,0,260,258,257,0,256,255,255,0,254,256,256,0,257,257,262,0,0,0,0,0,0,0,0,0,0,0,0,0,1554,1556,1570,0,1941,1734,1736,0,1666,1805,1712,0,0,0,0,0,2095,2091,0,0,0,2563,0,0,2335,0,0,0,2131,2085,2036,0,1968,1929,1870,0,1817,1793,1758,0,1712,1686,1664,0,1624,1599,1577,0,1539,1529,1508,0,0,0,0,0,0,0,0,0,0,0,0,0,0,1386,791,0,716,677,645,0,632,629,618,0,624,629,632,0,632,636,689,0,771,798,0,0,1325,1325,1320,0,1330,1345,1353,0,1364,1374,1378,0,1391,1403,1412,0,1432,1442,1466,0,1484,1498,1509,0,0,0,0,0,0,0,0,0,0,0,0,0,0,0,0,0,0,828,799,0,770,0,0,0,0,0,0,0,0,0,0,0,0,0,0,0,0,0,0,0,0,0,0,0,0,0,0,0,0,0,679,0,664,668,675,0,692,697,705,0,716,723,733,0,875,886,889,0,909,922,935,0,968,980,986,0,997,995,987,0,978,962,949,0,886,859,857,0,873,897,1146,0,1167,1176,1187,0,1224,1243,1254,0,1058,1037,1028,0,0,0,1077,0,1224,1225,1227,0,902,889,876,0,868,866,852,0,851,848,834,0,835,826,0,0,0,0,0,0,0,0,0,0,0,362,676,0,6908,6312,6977,0,224,46,0,0,1887,1935,2077,0,1999,1763,2011,0,1785,2040,1858,0,1692,1710,1789,0,1666,1492,1767,0,1668,1429,2177,0,7728,8802,11971,0,13582,10037,9337,0,7233,6413,5694,0,1853,0,0,0,0,0,1957,0,6963,7831,8468,0,8744,9062,10106,0,10728,10206,10674,0,10768,9347,9561,0,9129,8932,8235,0,7018,5548,3601,0,0,0,0,0,2287,3786,6523,0,7969,8622,9468,0,10307,21296,11003,0,8350,7204,4414,0,0,0,0,0,0,0,0,0,0,0,0,0,1341,1103,1117,0,91,92,10,0,507,57,68,0,0,0,0,0,821,970,0,0,0,330,0,0,527,0,0,0,565,782,736,0,829,1044,1123,0,1071,1133,1084,0,1133,1276,1210,0,1448,1435,1428,0,1412,1428,1425,0,0,0,0,0,0,0,0,0,0,0,0,0,0,412,773,0,1329,916,1486,0,1744,1511,1286,0,1623,1525,1521,0,1559,1335,2030,0,373,1125,0,0,1849,1944,1816,0,1836,1628,1796,0,1626,1850,1859,0,1639,1586,1284,0,1478,1480,1554,0,1641,1603,1338,0,0,0,0,0,0,0,0,0,0,0,0,0,0,0,0,0,0,657,1394,0,1589,0,0,0,0,0,0,0,0,0,0,0,0,0,0,0,0,0,0,0,0,0,0,0,0,0,0,0,0,0,298,0,2309,2067,1125,0,837,1261,1156,0,1101,765,467,0,710,1317,1632,0,818,577,704,0,945,1098,1459,0,1803,2047,1559,0,1022,1034,673,0,747,1649,2175,0,1590,373,1662,0,1739,1543,1382,0,1586,1486,1539,0,937,1397,2034,0,0,0,491,0,1833,2188,1963,0,798,968,1125,0,1316,1239,1289,0,1120,1549,1425,0,1477,1591,0,0,0,0,0,0
1.6522595882415771,0,0,0,0,826,792,784,0,775,780,775,0,802,805,0,0,1208,1214,1212,0,1222,1232,1230,0,1247,1253,1254,0,1279,1282,1302,0,1325,1335,1347,0,1366,1386,256,0,251,250,250,0,251,250,250,0,253,253,253,0,258,251,0,0,0,0,252,0,250,249,249,0,248,247,248,0,248,248,249,0,250,249,248,0,249,249,250,0,252,253,255,0,0,0,0,0,260,259,256,0,256,255,255,0,255,255,257,0,256,257,261,0,0,0,0,0,0,0,0,0,0,0,0,0,1549,1559,1561,0,1933,1736,1736,0,1729,1804,1703,0,0,0,0,0,2094,2094,0,0,0,2552,2519,0,2334,0,0,0,2123,2080,2041,0,1972,1928,1870,0,1815,1798,1754,0,1705,1677,1671,0,1617,1595,1572,0,1539,1527,1503,0,0,0,671,0,0,0,0,0,0,0,0,0,0,1358,786,0,715,672,645,0,633,631,616,0,620,631,635,0,633,638,691,0,788,798,0,0,1322,1323,1324,0,1337,1345,1354,0,1365,1371,1380,0,1389,1402,1412,0,1433,1445,1466,0,1484,1498,1507,0,0,0,0,0,0,0,0,0,0,0,0,0,0,0,0,0,0,830,798,0,772,0,0,0,0,0,0,0,0,0,0,0,0,0,0,0,0,0,0,0,0,0,0,0,0,0,0,0,0,0,680,0,662,668,674,0,694,698,707,0,715,728,730,0,876,885,891,0,910,923,935,0,967,980,987,0,999,989,988,0,976,965,940,0,881,876,859,0,865,897,1142,0,1166,1176,1187,0,1217,1235,1253,0,1056,1041,1026,0,0,0,1070,0,1225,1222,1227,0,902,889,877,0,863,867,852,0,851,847,836,0,833,826,0,0,0,0,0,0,0,0,0,0,8,470,782,0,6574,6369,7474,0,234,52,0,0,1879,1969,2061,0,2010,1816,2067,0,1835,2088,1884,0,1710,1697,1782,0,1852,1492,1812,0,1534,1395,2167,0,7847,8651,12146,0,12722,10363,8980,0,7283,6330,5688,0,1942,11,0,0,0,0,1431,0,6708,7773,8411,0,9243,9082,9747,0,10712,11619,12333,0,12553,10077,9820,0,9418,9168,8461,0,7239,5701,3038,0,0,0,0,0,2631,3925,6643,0,7929,8762,9330,0,9914,20805,12353,0,8428,7635,4648,0,0,0,0,0,0,0,0,0,0,0,0,0,1458,1326,1289,0,117,89,12,0,25,83,123,0,0,0,0,0,747,854,0,0,0,298,8,0,462,0,0,0,696,778,790,0,846,975,1172,0,1067,1181,1061,0,1310,1235,1211,0,1456,1266,1420,0,1563,1340,1399,0,0,0,76,0,0,0,0,0,0,0,0,0,0,1646,581,0,1541,1048,1629,0,1636,1527,1501,0,1490,1556,1428,0,1377,1424,2019,0,259,586,0,0,1828,2010,1947,0,1848,1657,1766,0,1620,2042,1671,0,1596,1539,1294,0,1532,1550,1519,0,1650,1614,1328,0,0,0,0,0,0,0,0,0,0,0,0,0,0,0,0,0,0,694,1414,0,1509,0,0,0,0,0,0,0,0,0,0,0,0,0,0,0,0,0,0,0,0,0,0,0,0,0,0,0,0,0,297,0,2313,2041,1071,0,828,1445,1108,0,1210,781,467,0,795,1377,1640,0,815,577,689,0,941,1065,1445,0,1823,2084,1571,0,1241,891,516,0,910,1580,2144,0,1407,552,1795,0,1823,1495,1443,0,1532,1487,1506,0,904,1400,2144,0,0,0,532,0,1963,2255,1890,0,812,967,1087,0,1295,1235,1307,0,1189,1612,1427,0,1548,1596,0,0,0,0,0,0
1.844581127166748,0,0,0,0,820,790,782,0,777,782,775,0,803,809,0,0,1207,1214,1212,0,1223,1230,1231,0,1249,1254,1257,0,1278,1284,1302,0,1324,1332,1346,0,1365,1386,256,0,251,249,250,0,251,250,250,0,252,253,253,0,258,0,0,0,0,0,252,0,249,249,249,0,248,247,247,0,247,248,249,0,249,248,248,0,248,249,250,0,252,253,255,0,0,0,0,0,260,258,256,0,256,255,255,0,255,255,256,0,257,257,261,0,0,0,0,0,0,0,0,0,0,0,0,0,1549,1559,1572,0,1932,1746,1736,0,1660,1736,1740,0,0,0,0,0,2099,2076,0,0,0,2552,2513,0,2331,0,0,0,2119,2080,2044,0,1972,1928,1871,0,1814,1797,1753,0,1706,1677,1670,0,1620,1598,1575,0,1540,1530,1510,0,0,0,0,0,0,0,0,0,0,0,0,0,0,1381,776,0,688,656,641,0,631,616,612,0,631,634,628,0,635,660,695,0,772,0,1372,0,1322,1322,1323,0,1335,1344,1354,0,1365,1374,1382,0,1389,1402,1411,0,1432,1443,1465,0,1484,1499,1510,0,0,0,0,0,0,0,0,0,0,0,0,0,0,0,0,0,0,829,797,0,772,0,0,0,0,0,0,0,0,0,0,0,0,0,0,0,0,0,0,0,0,0,0,0,0,0,0,0,0,0,681,0,661,667,674,0,695,698,706,0,717,722,735,0,875,887,888,0,909,924,935,0,968,980,987,0,999,990,988,0,975,962,932,0,881,876,862,0,863,906,1139,0,1164,1179,1188,0,1217,1232,1248,0,1056,1039,1032,0,0,0,1071,0,1224,1221,1227,0,903,888,877,0,863,867,852,0,851,848,834,0,835,826,0,0,0,0,0,0,0,0,0,0,17,590,827,0,6245,6181,7556,0,231,49,0,0,1930,1903,2102,0,1893,1869,1977,0,1791,2054,1848,0,1663,1740,1774,0,1831,1546,1863,0,1577,1366,2305,0,7867,8584,12068,0,13023,10046,9184,0,7254,6448,5724,0,1897,0,0,0,0,0,1695,0,6875,7853,8349,0,8899,8930,10000,0,10650,10624,11252,0,11423,9582,9678,0,9076,8922,8549,0,7316,5760,3133,0,0,0,0,0,2652,3835,6718,0,8053,8936,9409,0,10074,21467,11786,0,8503,7424,4486,0,0,0,0,0,0,0,0,0,0,0,0,0,1290,1216,1132,0,109,153,10,0,920,5,12,0,0,0,0,0,700,1031,0,0,0,284,13,0,439,0,0,0,713,801,764,0,872,974,1166,0,1091,1189,1063,0,1291,1214,1224,0,1497,1261,1447,0,1427,1419,1382,0,0,0,0,0,0,0,0,0,0,0,0,0,0,824,1072,0,1177,1217,1541,0,1516,1436,1465,0,1471,1481,1409,0,1630,159,1409,0,561,0,92,0,1850,1919,1895,0,1871,1637,1763,0,1620,1958,1773,0,1666,1540,1299,0,1545,1450,1573,0,1629,1582,1342,0,0,0,0,0,0,0,0,0,0,0,0,0,0,0,0,0,0,729,1443,0,1461,0,0,0,0,0,0,0,0,0,0,0,0,0,0,0,0,0,0,0,0,0,0,0,0,0,0,0,0,0,269,0,2415,1977,1041,0,836,1356,1123,0,1138,736,417,0,740,1263,1697,0,830,628,739,0,985,1131,1399,0,1793,2103,1575,0,1295,905,595,0,940,1469,2068,0,1301,434,1833,0,1740,1596,1458,0,1648,1422,1388,0,852,1368,1957,0,0,0,565,0,2038,2291,1900,0,799,988,1139,0,1315,1219,1280,0,1106,1551,1445,0,1499,1576,0,0,0,0,0,0
2.250758647918701,0,0,0,0,0,795,785,0,775,782,777,0,803,806,0,0,1207,1216,1212,0,1223,1230,1233,0,1248,1250,1257,0,1275,1286,1301,0,1325,1333,1344,0,1365,1386,256,0,251,249,250,0,251,250,250,0,252,253,253,0,258,0,0,0,0,0,252,0,250,249,249,0,247,247,247,0,247,248,249,0,248,248,248,0,248,249,250,0,252,253,254,0,0,0,0,0,260,258,257,0,256,255,255,0,255,255,256,0,257,257,261,0,0,0,0,0,0,0,0,0,0,0,0,0,1548,1558,1571,0,1943,1742,1740,0,1660,1736,1736,0,0,0,0,0,2099,2077,0,0,0,2552,2495,0,2332,0,0,0,2120,2081,2040,0,1973,1927,1870,0,1819,1795,1753,0,1705,1677,1668,0,1623,1604,1574,0,1540,1530,1509,0,0,0,687,0,0,0,0,0,0,0,0,0,0,1357,780,0,720,656,641,0,631,622,615,0,630,632,631,0,631,638,692,0,803,797,0,0,1322,1322,1323,0,1335,1343,1353,0,1365,1370,1382,0,1390,1402,1412,0,1435,1442,1466,0,1485,1499,1510,0,0,0,0,0,0,0,0,0,0,0,0,0,0,0,0,0,0,830,797,0,772,0,0,0,0,0,0,0,0,0,0,0,0,0,0,0,0,0,0,0,0,0,0,0,0,0,0,0,0,0,681,0,663,668,675,0,692,697,706,0,715,725,735,0,877,886,891,0,909,926,934,0,966,979,985,0,996,995,987,0,977,964,940,0,881,877,859,0,864,906,1141,0,1164,1178,1190,0,1218,1238,1248,0,1055,1038,1032,0,0,0,1070,0,1227,1223,1226,0,907,888,877,0,861,866,853,0,851,848,837,0,832,825,0,0,0,0,0,0,0,0,0,0,0,345,678,0,6907,6192,6884,0,230,64,0,0,1927,1844,2155,0,1898,1850,1948,0,1883,2056,1855,0,1650,1847,1775,0,1816,1518,1810,0,1628,1431,2318,0,7874,8751,11942,0,13089,10055,9269,0,7258,6547,5761,0,1868,0,0,0,0,0,1724,0,6840,7846,8401,0,8995,9078,10042,0,10749,10522,10986,0,11212,9651,9610,0,8900,8814,8437,0,7294,5656,3289,0,0,0,0,0,2429,3920,6524,0,7927,9009,9250,0,9856,21487,12002,0,8660,7427,4441,0,0,0,0,0,0,0,0,0,0,0,0,0,1314,1249,1118,0,109,190,10,0,871,5,10,0,0,0,0,0,710,1038,0,0,0,292,17,0,460,0,0,0,705,784,790,0,879,1003,1144,0,1079,1162,1084,0,1273,1245,1231,0,1474,1268,1464,0,1450,1416,1405,0,0,0,32,0,0,0,0,0,0,0,0,0,0,1645,589,0,1309,1366,1679,0,1781,1308,1485,0,1354,1674,1345,0,1616,1334,1906,0,49,699,0,0,1847,1930,1899,0,1863,1626,1749,0,1627,2012,1681,0,1580,1504,1239,0,1477,1511,1623,0,1643,1554,1316,0,0,0,0,0,0,0,0,0,0,0,0,0,0,0,0,0,0,708,1400,0,1451,0,0,0,0,0,0,0,0,0,0,0,0,0,0,0,0,0,0,0,0,0,0,0,0,0,0,0,0,0,298,0,2320,2000,1214,0,825,1252,1233,0,1044,803,519,0,739,1123,1663,0,847,731,777,0,1035,1156,1294,0,1793,2088,1537,0,1159,859,496,0,871,1520,2076,0,1360,477,1784,0,1830,1574,1460,0,1611,1501,1432,0,933,1476,1978,0,0,0,499,0,2091,2251,1918,0,814,970,1069,0,1298,1215,1278,0,1200,1593,1410,0,1587,1624,0,0,0,0,0,0
2.4548404216766357,0,0,0,0,826,792,785,0,776,782,774,0,802,806,0,0,1209,1214,1212,0,1222,1232,1232,0,1247,1252,1254,0,1278,1283,1302,0,1326,1335,1344,0,1366,1387,256,0,251,249,250,0,251,250,250,0,252,253,253,0,258,0,0,0,0,0,252,0,250,249,249,0,247,247,247,0,247,248,248,0,248,248,248,0,248,249,250,0,252,253,255,0,0,0,0,0,260,258,257,0,256,255,255,0,254,256,256,0,257,257,261,0,0,0,0,0,0,0,0,0,0,0,0,0,1551,1558,1572,0,1934,1745,1736,0,1679,1808,1723,0,0,0,0,0,2090,2089,0,0,0,2549,2453,0,2335,0,0,0,2124,2084,2043,0,1972,1926,1870,0,1814,1796,1754,0,1707,1681,1667,0,1620,1600,1575,0,1540,1529,1506,0,0,0,0,0,0,0,0,0,0,0,0,0,0,1377,792,0,716,665,644,0,631,627,618,0,624,629,635,0,629,636,690,0,751,786,0,0,1325,1322,1320,0,1333,1346,1353,0,1366,1370,1382,0,1390,1402,1410,0,1434,1445,1467,0,1485,1498,1508,0,0,0,0,0,0,0,0,0,0,0,0,0,0,0,0,0,0,828,797,0,772,0,0,0,0,0,0,0,0,0,0,0,0,0,0,0,0,0,0,0,0,0,0,0,0,0,0,0,0,0,681,0,663,668,675,0,693,697,706,0,716,723,736,0,876,887,890,0,908,924,934,0,966,979,984,0,993,998,987,0,979,962,948,0,887,866,858,0,870,899,1143,0,1165,1174,1188,0,1219,1236,1249,0,1058,1040,1031,0,0,0,1065,0,1224,1225,1230,0,904,891,877,0,860,865,855,0,852,845,836,0,833,826,0,0,0,0,0,0,0,0,0,0,8,477,797,0,6532,6098,7452,0,227,49,0,0,1860,1979,2055,0,1971,1893,2062,0,1850,2079,1914,0,1708,1747,1731,0,1820,1468,1758,0,1627,1440,2272,0,7744,8736,11901,0,13352,10045,9400,0,7170,6293,5715,0,1891,0,0,0,0,0,1814,0,7006,7925,8500,0,8733,9124,10087,0,10821,10256,11035,0,10885,9389,9413,0,9091,8859,8278,0,7294,5572,3440,0,0,0,0,0,2515,3750,6597,0,8032,8856,9455,0,10115,21470,11431,0,8385,7234,4497,0,0,0,0,0,0,0,0,0,0,0,0,0,1278,1124,1100,0,110,153,11,0,304,60,55,0,0,0,0,0,765,867,0,0,0,350,6,0,519,0,0,0,629,762,800,0,906,1052,1184,0,1085,1181,1091,0,1276,1274,1272,0,1490,1335,1463,0,1459,1405,1398,0,0,0,0,0,0,0,0,0,0,0,0,0,0,897,1058,0,1231,979,1507,0,1816,1432,1456,0,1557,1486,1757,0,1447,1545,1789,0,417,1209,0,0,1820,1981,1952,0,1767,1638,1768,0,1623,2043,1645,0,1567,1567,1308,0,1534,1491,1628,0,1690,1557,1306,0,0,0,0,0,0,0,0,0,0,0,0,0,0,0,0,0,0,727,1421,0,1421,0,0,0,0,0,0,0,0,0,0,0,0,0,0,0,0,0,0,0,0,0,0,0,0,0,0,0,0,0,314,0,2351,1927,1104,0,838,1360,1148,0,1124,801,468,0,749,1145,1599,0,838,687,758,0,954,1199,1320,0,1834,1905,1537,0,1047,982,617,0,710,2012,2215,0,1593,512,1842,0,1798,1501,1411,0,1401,1533,1524,0,941,1417,2088,0,0,0,506,0,2041,2209,2020,0,814,938,1121,0,1314,1288,1270,0,1236,1659,1419,0,1534,1601,0,0,0,0,0,0
2.6589770317077637,0,0,0,0,824,793,785,0,776,782,774,0,802,805,0,0,1209,1215,1213,0,1222,1231,1232,0,1247,1252,1254,0,1277,1283,1302,0,1326,1334,1344,0,1365,1386,256,0,251,250,250,0,251,250,250,0,252,253,253,0,258,0,0,0,0,0,252,0,250,249,249,0,248,247,248,0,247,248,249,0,249,248,248,0,248,249,250,0,252,253,254,0,0,0,0,0,260,258,257,0,256,255,254,0,255,255,257,0,256,257,261,0,0,0,0,0,0,0,0,0,0,0,0,0,1547,1559,1569,0,1947,1744,1745,0,1664,1812,1719,0,0,0,0,0,2099,2089,0,0,0,2555,0,0,2335,0,0,0,2127,2086,2044,0,1971,1926,1870,0,1819,1794,1753,0,1705,1678,1667,0,1621,1602,1576,0,1539,1530,1511,0,0,0,682,0,0,0,0,0,0,0,0,0,0,1360,789,0,734,678,648,0,631,631,625,0,619,629,633,0,631,632,682,0,743,787,0,0,1323,1322,1322,0,1336,1345,1353,0,1364,1369,1380,0,1389,1402,1411,0,1433,1443,1466,0,1483,1497,1513,0,0,0,0,0,0,0,0,0,0,0,0,0,0,0,0,0,0,827,797,0,771,0,0,0,0,0,0,0,0,0,0,0,0,0,0,0,0,0,0,0,0,0,0,0,0,0,0,0,0,0,681,0,661,665,672,0,694,698,707,0,715,727,733,0,874,888,891,0,909,925,933,0,965,977,984,0,993,998,987,0,978,963,947,0,883,873,857,0,868,905,1142,0,1165,1177,1190,0,1219,1238,1247,0,1056,1036,1028,0,0,0,1068,0,1220,1223,1226,0,901,889,877,0,859,864,855,0,851,845,835,0,833,825,0,0,0,0,0,0,0,0,0,0,10,509,814,0,6465,6187,7521,0,241,47,0,0,1881,2034,2057,0,2019,1893,2056,0,1857,2073,1881,0,1728,1775,1715,0,1837,1478,1758,0,1678,1399,2332,0,7949,8620,12257,0,13067,10102,9431,0,7321,6575,5780,0,2126,0,0,0,0,0,1681,0,6899,7992,8500,0,9532,8999,9841,0,10528,10911,11536,0,11355,9638,9673,0,9087,8929,8384,0,7319,5607,3291,0,0,0,0,0,2336,3837,6524,0,7999,8784,9425,0,9697,21175,12245,0,8696,7435,4528,0,0,0,0,0,0,0,0,0,0,0,0,0,1362,1313,1194,0,113,237,14,0,604,43,22,0,0,0,0,0,687,844,0,0,0,337,0,0,478,0,0,0,628,724,782,0,866,1078,1127,0,1043,1152,1091,0,1288,1264,1286,0,1470,1369,1426,0,1396,1473,1411,0,0,0,44,0,0,0,0,0,0,0,0,0,0,1593,804,0,754,1490,1411,0,1662,1676,1376,0,1436,1436,1739,0,1450,1667,1211,0,1130,1533,0,0,1823,1989,1969,0,1807,1635,1743,0,1620,2052,1582,0,1568,1544,1254,0,1518,1480,1549,0,1639,1716,1281,0,0,0,0,0,0,0,0,0,0,0,0,0,0,0,0,0,0,664,1448,0,1521,0,0,0,0,0,0,0,0,0,0,0,0,0,0,0,0,0,0,0,0,0,0,0,0,0,0,0,0,0,287,0,2511,2100,904,0,799,1460,1140,0,1233,768,422,0,781,1267,1696,0,841,793,755,0,907,1199,1240,0,1842,1828,1600,0,1029,954,548,0,738,1925,2202,0,1360,485,1796,0,1844,1585,1432,0,1586,1467,1401,0,918,1470,1853,0,0,0,508,0,1984,2296,2034,0,801,984,1047,0,1351,1260,1280,0,1198,1631,1449,0,1553,1649,0,0,0,0,0,0
2.8652522563934326,0,0,0,0,821,790,781,0,779,783,776,0,802,809,0,0,1208,1214,1213,0,1222,1232,1232,0,1247,1253,1253,0,1275,1281,1302,0,1326,1332,1342,0,1364,1385,256,0,251,250,250,0,251,250,250,0,252,253,253,0,258,255,0,0,0,0,252,0,250,249,249,0,248,247,247,0,247,248,248,0,249,249,248,0,249,249,250,0,252,253,255,0,0,0,0,0,259,258,257,0,256,255,255,0,255,255,256,0,256,257,261,0,0,0,0,0,0,0,0,0,0,0,0,0,1554,1556,1569,0,1940,1723,1736,0,1656,1711,1742,0,0,0,0,0,2098,2078,0,0,0,2548,0,0,2334,0,0,0,2125,2083,2040,0,1968,1935,1872,0,1823,1785,1757,0,1709,1676,1670,0,1623,1606,1573,0,1539,1528,1505,0,0,0,0,0,0,0,0,0,0,0,0,0,0,1375,791,0,745,682,648,0,631,629,628,0,617,628,631,0,628,630,684,0,738,787,0,0,1323,1322,1326,0,1337,1345,1353,0,1365,1371,1380,0,1389,1402,1411,0,1434,1444,1466,0,1484,1500,1513,0,0,0,0,0,0,0,0,0,0,0,0,0,0,0,0,0,0,830,797,0,771,0,0,0,0,0,0,0,0,0,0,0,0,0,0,0,0,0,0,0,0,0,0,0,0,0,0,0,0,0,681,0,663,668,674,0,694,698,706,0,716,723,735,0,875,887,889,0,908,924,934,0,967,980,987,0,999,990,989,0,975,965,936,0,881,877,862,0,864,902,1140,0,1165,1178,1189,0,1217,1236,1251,0,1054,1041,1030,0,0,0,1069,0,1222,1222,1227,0,902,890,877,0,862,865,854,0,851,846,836,0,833,826,0,0,0,0,0,0,0,0,0,0,21,652,869,0,5934,6204,7623,0,234,36,0,0,1882,2024,2082,0,1987,1900,2080,0,1832,2068,1837,0,1739,1745,1744,0,1800,1503,1831,0,1676,1375,2291,0,7858,8538,11796,0,13261,9931,9205,0,7198,6606,5839,0,2026,6,0,0,0,0,1991,0,7061,8141,8444,0,9492,9139,10060,0,10758,10192,10941,0,10734,9432,9407,0,9021,8783,8411,0,7293,5657,3453,0,0,0,0,0,2131,3635,6433,0,8076,8706,9423,0,10169,21295,11798,0,8372,7293,4506,0,0,0,0,0,0,0,0,0,0,0,0,0,1333,1106,1130,0,141,90,16,0,1169,29,14,0,0,0,0,0,662,1015,0,0,0,309,0,0,462,0,0,0,630,771,727,0,771,1032,1022,0,1155,1073,1194,0,1195,1147,1200,0,1490,1227,1420,0,1453,1406,1407,0,0,0,0,0,0,0,0,0,0,0,0,0,0,1055,640,0,1028,1123,1470,0,1740,1807,1501,0,1646,1360,1696,0,1546,1645,564,0,1664,1511,0,0,1862,1987,1934,0,1899,1688,1763,0,1620,2030,1668,0,1592,1536,1251,0,1538,1496,1584,0,1622,1618,1330,0,0,0,0,0,0,0,0,0,0,0,0,0,0,0,0,0,0,678,1426,0,1483,0,0,0,0,0,0,0,0,0,0,0,0,0,0,0,0,0,0,0,0,0,0,0,0,0,0,0,0,0,299,0,2358,2015,1087,0,839,1338,1117,0,1107,757,446,0,722,1337,1650,0,839,639,780,0,994,1132,1409,0,1781,2107,1551,0,1263,885,540,0,997,1368,1993,0,1307,481,1834,0,1744,1606,1441,0,1624,1592,1509,0,951,1415,2097,0,0,0,515,0,2017,2307,1973,0,792,974,1111,0,1301,1260,1257,0,1215,1624,1420,0,1542,1593,0,0,0,0,0,0
2.9726967811584473,0,0,0,0,819,791,784,0,775,780,774,0,801,808,0,0,1207,1214,1210,0,1222,1230,1230,0,1248,1253,1255,0,1277,1284,1302,0,1324,1336,1347,0,1366,1387,256,0,251,250,250,0,251,250,250,0,252,253,253,0,258,0,0,0,0,0,252,0,249,249,249,0,248,247,248,0,247,248,249,0,249,248,248,0,249,249,250,0,252,253,255,0,0,0,0,0,260,258,257,0,256,255,255,0,255,255,256,0,257,257,261,0,0,0,0,0,0,0,0,0,0,0,0,0,1554,1555,1571,0,1939,1739,1739,0,1662,1800,1723,0,0,0,0,0,2084,2088,0,0,0,2572,0,0,2331,0,0,0,2131,2082,2029,0,1969,1930,1876,0,1821,1787,1753,0,1709,1686,1661,0,1620,1605,1571,0,1539,1531,1514,0,0,0,0,0,0,0,0,0,0,0,0,0,0,1366,792,0,740,688,648,0,631,626,623,0,612,625,630,0,626,629,689,0,737,788,0,0,1322,1321,1323,0,1334,1343,1352,0,1366,1367,1381,0,1391,1404,1414,0,1432,1439,1462,0,1484,1495,1517,0,0,0,0,0,0,0,0,0,0,0,0,0,0,0,0,0,0,829,801,0,775,0,0,0,0,0,0,0,0,0,0,0,0,0,0,0,0,0,0,0,0,0,0,0,0,0,0,0,0,0,685,0,665,666,672,0,694,698,707,0,719,722,734,0,881,885,898,0,907,926,933,0,968,980,986,0,998,988,984,0,972,962,934,0,884,866,861,0,866,908,1138,0,1159,1174,1188,0,1216,1230,1253,0,1058,1037,1026,0,0,0,1067,0,1222,1221,1227,0,903,888,877,0,859,865,854,0,851,846,836,0,833,826,0,0,0,0,0,0,0,0,0,0,9,517,798,0,6564,6354,7498,0,235,51,0,0,1894,1956,2105,0,1945,1843,2001,0,1786,2046,1844,0,1691,1697,1734,0,1869,1458,1777,0,1588,1449,2297,0,7767,8574,12202,0,12796,10031,9162,0,7208,6462,5700,0,1979,0,0,0,0,0,1754,0,6921,7935,8573,0,9343,9066,9919,0,10639,10746,11237,0,11147,9482,9584,0,9046,8870,8588,0,7245,5634,3221,0,0,0,0,0,2474,3813,6469,0,7981,8783,9474,0,9972,21394,11708,0,8417,7381,4535,0,0,0,0,0,0,0,0,0,0,0,0,0,1288,1132,1130,0,113,134,14,0,761,22,15,0,0,0,0,0,802,885,0,0,0,220,0,0,558,0,0,0,661,638,758,0,786,950,988,0,1154,1116,1089,0,1241,1263,1212,0,1360,1523,1479,0,1396,1489,1479,0,0,0,0,0,0,0,0,0,0,0,0,0,0,1300,288,0,1149,803,1524,0,1626,1857,1618,0,1604,1182,1791,0,1489,1323,622,0,1604,1368,0,0,1853,1935,1915,0,1893,1575,1740,0,1655,2054,1595,0,1593,1553,1248,0,1501,1499,1591,0,1611,1742,1297,0,0,0,0,0,0,0,0,0,0,0,0,0,0,0,0,0,0,652,1343,0,1588,0,0,0,0,0,0,0,0,0,0,0,0,0,0,0,0,0,0,0,0,0,0,0,0,0,0,0,0,0,382,0,2690,2280,878,0,832,1349,1138,0,968,957,653,0,802,1251,1844,0,824,793,801,0,929,1140,1488,0,1838,2316,1832,0,1534,820,655,0,971,1301,2076,0,1199,324,1463,0,1559,1711,1365,0,1499,1362,1432,0,883,1352,1843,0,0,0,510,0,2013,2320,1888,0,801,941,1073,0,1365,1250,1250,0,1214,1641,1432,0,1572,1609,0,0,0,0,0,0
3.0401289463043213,0,0,0,0,828,792,788,0,775,782,775,0,801,812,0,0,1207,1214,1212,0,1222,1232,1231,0,1247,1253,1254,0,1278,1283,1303,0,1327,1334,1344,0,1366,1388,256,0,251,249,250,0,251,250,250,0,252,253,253,0,258,0,0,0,0,0,252,0,250,249,249,0,247,247,247,0,247,248,248,0,249,249,248,0,249,248,249,0,251,253,255,0,0,0,0,0,260,258,256,0,256,255,256,0,254,256,256,0,257,257,262,0,0,0,0,0,0,0,0,0,0,0,0,0,1554,1554,1571,0,1939,1729,1730,0,1656,1780,1733,0,0,0,0,0,2093,2093,0,0,0,2557,0,0,2333,0,0,0,2126,2081,2036,0,1968,1929,1869,0,1816,1795,1757,0,1711,1686,1665,0,1622,1601,1576,0,1540,1530,1510,0,0,0,679,0,0,0,0,0,0,0,0,0,0,1369,792,0,742,683,648,0,633,628,622,0,613,624,628,0,622,629,686,0,738,783,0,0,1324,1324,1320,0,1333,1344,1354,0,1365,1375,1382,0,1390,1403,1410,0,1433,1443,1466,0,1485,1498,1508,0,0,0,0,0,0,0,0,0,0,0,0,0,0,0,0,0,0,830,799,0,772,0,0,0,0,0,0,0,0,0,0,0,0,0,0,0,0,0,0,0,0,0,0,0,0,0,0,0,0,0,680,0,661,667,674,0,692,697,705,0,720,722,735,0,879,886,890,0,909,923,933,0,967,980,986,0,999,987,984,0,971,959,934,0,884,871,860,0,865,909,1140,0,1161,1177,1190,0,1218,1232,1249,0,1055,1037,1032,0,0,0,1072,0,1225,1221,1226,0,904,889,877,0,861,865,853,0,851,848,835,0,833,825,0,0,0,0,0,0,0,0,0,0,5,451,763,0,6672,6118,7195,0,234,46,0,0,1902,1926,2094,0,1954,1866,2066,0,1832,2083,1878,0,1716,1737,1776,0,1762,1492,1725,0,1634,1453,2234,0,7647,8556,11704,0,13270,9990,9178,0,7159,6377,5449,0,1720,0,0,0,0,0,1828,0,6987,7802,8432,0,8675,9048,10043,0,10719,10271,11033,0,11205,9564,9584,0,9407,9096,8393,0,7114,5488,3447,0,0,0,0,0,2566,3971,6851,0,8025,8596,9248,0,10243,21373,11078,0,8425,7241,4467,0,0,0,0,0,0,0,0,0,0,0,0,0,1312,1105,1122,0,109,78,13,0,808,10,12,0,0,0,0,0,766,911,0,0,0,266,0,0,517,0,0,0,626,806,760,0,883,962,1166,0,1063,1169,1086,0,1181,1281,1228,0,1423,1424,1434,0,1428,1428,1428,0,0,0,28,0,0,0,0,0,0,0,0,0,0,1158,367,0,1226,794,1413,0,1477,1866,1535,0,1656,1206,1668,0,1680,1519,499,0,1662,1271,0,0,1872,1920,1849,0,1842,1577,1753,0,1610,1973,1791,0,1690,1574,1307,0,1517,1489,1564,0,1699,1550,1313,0,0,0,0,0,0,0,0,0,0,0,0,0,0,0,0,0,0,648,1390,0,1557,0,0,0,0,0,0,0,0,0,0,0,0,0,0,0,0,0,0,0,0,0,0,0,0,0,0,0,0,0,306,0,2435,2040,1128,0,827,1172,1322,0,976,830,538,0,714,1288,1683,0,825,617,753,0,962,1085,1422,0,1839,2239,1765,0,1316,849,668,0,1128,1211,1939,0,1281,291,1518,0,1593,1615,1407,0,1597,1379,1337,0,899,1453,1992,0,0,0,532,0,1957,2193,1933,0,810,950,1066,0,1314,1241,1272,0,1170,1596,1410,0,1554,1599,0,0,0,0,0,0
3.3891916275024414,0,0,0,0,826,793,787,0,777,782,774,0,802,809,0,0,1210,1216,1213,0,1222,1231,1235,0,1247,1251,1255,0,1279,1285,1303,0,1327,1334,1345,0,1366,1388,255,0,251,249,250,0,251,250,250,0,252,253,253,0,258,0,0,0,0,0,252,0,249,249,248,0,247,247,247,0,248,248,248,0,249,249,248,0,249,248,250,0,252,253,255,0,0,0,0,0,260,258,256,0,256,255,255,0,254,256,256,0,257,257,261,0,0,0,0,0,0,0,0,0,0,0,0,0,1549,1558,1568,0,1933,1739,1734,0,1723,1802,1702,0,0,0,0,0,2094,2091,0,0,0,2545,0,0,2334,0,0,0,2127,2085,2047,0,1970,1925,1870,0,1816,1796,1753,0,1706,1679,1666,0,1623,1602,1575,0,1539,1530,1507,0,0,0,681,0,0,0,0,0,0,0,0,0,0,1381,806,0,743,705,646,0,632,629,622,0,614,624,629,0,624,630,679,0,739,786,0,0,1326,1324,1322,0,1333,1342,1353,0,1367,1370,1380,0,1392,1405,1417,0,1434,1435,1467,0,1485,1502,1517,0,0,0,0,0,0,0,0,0,0,0,0,0,0,0,0,0,0,828,797,0,771,0,0,0,0,0,0,0,0,0,0,0,0,0,0,0,0,0,0,0,0,0,0,0,0,0,0,0,0,0,680,0,665,666,675,0,694,700,702,0,716,725,735,0,877,882,890,0,909,925,931,0,970,975,986,0,997,996,987,0,975,966,945,0,891,866,860,0,867,884,1142,0,1163,1179,1186,0,1217,1231,1250,0,1060,1042,1030,0,0,0,1070,0,1223,1224,1227,0,899,895,877,0,862,865,854,0,857,845,837,0,828,830,0,0,0,0,0,0,0,0,0,0,6,529,816,0,6350,6086,7466,0,245,44,0,0,1885,2074,2037,0,2130,1827,2008,0,1871,2117,1928,0,1669,1675,1784,0,1772,1514,1746,0,1594,1438,2271,0,7604,8690,11770,0,13295,9928,9231,0,7224,6509,5612,0,1712,0,0,0,0,0,1804,0,6827,7763,8327,0,8677,9212,9938,0,10702,10308,11043,0,11301,9624,9728,0,9418,9031,8183,0,7111,5586,3316,0,0,0,0,0,2669,3935,6852,0,8088,8742,9367,0,10266,21396,11540,0,8310,7256,4555,0,0,0,0,0,0,0,0,0,0,0,0,0,1282,1225,1216,0,106,103,14,0,28,84,290,0,0,0,0,0,831,992,0,0,0,361,0,0,544,0,0,0,582,735,769,0,872,1114,1151,0,1066,1144,1068,0,1248,1279,1257,0,1472,1373,1450,0,1436,1408,1402,0,0,0,7,0,0,0,0,0,0,0,0,0,0,741,306,0,1230,764,1474,0,1505,1774,1604,0,1833,1310,1562,0,1496,1500,564,0,1472,1283,0,0,1846,2008,1818,0,1769,1757,1749,0,1606,1930,1716,0,1610,1585,1269,0,1467,1622,1610,0,1613,1619,1358,0,0,0,0,0,0,0,0,0,0,0,0,0,0,0,0,0,0,613,1409,0,1503,0,0,0,0,0,0,0,0,0,0,0,0,0,0,0,0,0,0,0,0,0,0,0,0,0,0,0,0,0,213,0,2736,2008,1128,0,858,1209,1154,0,1007,842,557,0,652,1299,1642,0,786,676,718,0,728,998,1362,0,1945,1901,1564,0,1067,869,688,0,772,1351,2627,0,1410,568,1881,0,1801,1609,1535,0,1560,1455,1360,0,782,1376,2017,0,0,0,528,0,1911,2424,1878,0,866,930,1108,0,1281,1285,1134,0,538,1378,1503,0,1467,1455,0,0,0,0,0,0
3.6837449073791504,0,0,0,0,826,814,792,0,779,774,774,0,799,811,0,0,1211,1217,1211,0,1228,1222,1230,0,1245,1250,1258,0,1278,1280,1302,0,1325,1328,1343,0,1368,1383,256,0,251,250,250,0,251,250,249,0,252,253,254,0,258,259,0,0,0,0,253,0,250,249,248,0,248,248,247,0,247,249,249,0,248,248,248,0,249,249,250,0,252,252,255,0,0,0,0,0,260,258,257,0,256,256,254,0,255,255,257,0,257,257,261,0,0,0,0,0,0,0,0,0,1832,0,1701,0,1551,1558,1567,0,1925,1756,1747,0,1657,1736,1736,0,0,0,0,0,2101,2090,0,0,0,2566,0,0,2334,0,0,0,2134,2095,2042,0,1974,1931,1869,0,1821,1794,1758,0,1709,1684,1669,0,1619,1605,1577,0,1539,1522,1511,0,0,0,0,0,0,0,0,0,0,0,0,0,0,0,810,0,743,707,650,0,634,630,630,0,611,622,629,0,626,630,686,0,740,785,0,0,1326,1324,1322,0,1326,1343,1353,0,1367,1366,1376,0,1392,1400,1414,0,1427,1437,1467,0,1485,1501,1518,0,0,0,0,0,0,0,0,0,0,0,0,0,0,0,0,0,0,830,797,0,771,0,0,0,0,0,0,0,0,0,0,0,0,0,0,0,0,0,0,0,0,0,0,0,0,0,0,0,0,0,681,0,662,667,673,0,693,697,704,0,714,726,730,0,881,884,893,0,907,922,934,0,970,974,986,0,995,995,986,0,972,967,946,0,891,873,857,0,865,884,1141,0,1159,1179,1185,0,1214,1227,1251,0,1064,1042,1027,0,0,0,1070,0,1223,1224,1225,0,900,893,877,0,861,864,854,0,862,843,836,0,829,829,0,0,0,0,0,0,0,0,0,0,18,122,592,0,6107,6722,7816,0,242,54,0,0,1722,2058,1990,0,1994,1983,1873,0,1921,1611,1510,0,1616,1734,1822,0,1644,1575,1821,0,1404,1411,1916,0,7822,8238,11849,0,14011,10167,9508,0,7536,7073,5952,0,2504,89,0,0,0,0,1735,0,7035,7841,8604,0,9522,8799,9973,0,10654,10510,11052,0,10868,9571,9712,0,8680,8789,8661,0,7347,5595,3530,0,0,0,0,0,1840,3437,6509,0,8091,8595,9216,0,9474,21679,12860,0,8944,7245,4515,0,0,0,0,0,0,0,0,0,32,0,12,0,1466,1235,1204,0,119,98,11,0,1210,6,12,0,0,0,0,0,645,887,0,0,0,373,0,0,526,0,0,0,534,679,750,0,839,854,1135,0,1070,1081,1062,0,1151,1359,1140,0,1433,1350,1417,0,1448,1564,1422,0,0,0,0,0,0,0,0,0,0,0,0,0,0,0,371,0,1189,960,1405,0,1511,1800,1568,0,1507,1318,1446,0,1571,1721,601,0,1472,1402,0,0,1926,1849,1811,0,1813,1889,1796,0,1614,1961,1718,0,1563,1759,1460,0,1648,1581,1572,0,1584,1794,1478,0,0,0,0,0,0,0,0,0,0,0,0,0,0,0,0,0,0,596,1442,0,1570,0,0,0,0,0,0,0,0,0,0,0,0,0,0,0,0,0,0,0,0,0,0,0,0,0,0,0,0,0,200,0,3026,2250,1019,0,817,1340,1079,0,1105,838,696,0,639,1160,1714,0,825,747,715,0,787,1066,1267,0,1959,1773,1560,0,1167,955,632,0,797,1132,2560,0,1459,717,1797,0,1770,1589,1493,0,1668,1386,1550,0,718,1375,1803,0,0,0,521,0,1876,2471,1982,0,850,922,1114,0,1236,1261,1098,0,404,1315,1421,0,1506,1618,0,0,0,0,0,0
3.887909412384033,0,0,0,0,827,820,783,0,780,776,775,0,802,809,815,0,1213,1213,1214,0,1220,1228,1233,0,1248,1256,1264,0,1271,1279,1302,0,1324,1326,1344,0,1368,1388,256,0,251,250,250,0,251,250,249,0,252,253,254,0,258,258,0,0,0,0,253,0,250,248,248,0,248,248,247,0,247,249,249,0,248,248,248,0,249,249,250,0,251,252,254,0,0,0,0,0,260,258,257,0,256,256,255,0,255,255,256,0,257,257,262,0,0,0,0,0,0,0,0,0,0,0,1704,0,1554,1562,1564,0,1923,1769,1752,0,1651,1742,1734,0,0,0,0,0,2090,2093,0,0,0,2576,0,0,2333,0,0,0,2137,2084,2047,0,1976,1936,1871,0,1818,1795,1764,0,1715,1682,1667,0,1623,1601,1577,0,1538,1521,1511,0,0,0,0,0,0,0,0,0,0,0,0,0,0,1399,813,0,743,715,650,0,632,630,628,0,614,625,630,0,627,628,682,0,736,789,0,0,1323,1325,1323,0,1331,1342,1352,0,1369,1368,1375,0,1394,1401,1412,0,1429,1434,1467,0,1484,1503,1518,0,0,0,0,0,0,0,0,0,0,0,0,0,0,0,0,0,0,826,799,0,770,0,0,0,0,0,0,0,0,0,0,0,0,0,0,0,0,0,0,0,0,0,0,0,0,0,0,0,0,0,681,0,663,666,674,0,694,699,701,0,714,725,732,0,878,884,890,0,910,922,931,0,970,975,985,0,996,994,987,0,974,957,939,0,886,873,857,0,862,884,1139,0,1161,1178,1184,0,1215,1229,1254,0,1064,1041,1028,0,0,0,1067,0,1226,1222,1228,0,898,893,877,0,864,867,853,0,854,847,837,0,830,829,0,0,0,0,0,0,0,0,0,0,10,87,1145,0,6530,6399,8368,0,240,60,9,0,1755,2309,1910,0,2037,1910,1757,0,1993,1548,1514,0,1695,1832,1818,0,1662,1645,1784,0,1455,1534,1660,0,7964,8359,11896,0,14560,10274,9543,0,7559,7107,5955,0,2532,39,0,0,0,0,1702,0,7179,7830,8881,0,8880,8902,10127,0,10924,10408,10622,0,10528,9867,9910,0,8795,9148,8361,0,7177,5656,4113,0,0,0,0,0,1705,3597,6546,0,8079,9097,9361,0,9545,22486,12048,0,8598,7214,4452,0,0,0,0,0,0,0,0,0,0,0,19,0,1392,1155,1206,0,153,75,10,0,1249,7,14,0,0,0,0,0,567,944,0,0,0,442,0,0,562,0,0,0,557,721,901,0,983,859,1019,0,1093,1118,1121,0,1025,1204,1162,0,1397,1331,1478,0,1444,1520,1430,0,0,0,0,0,0,0,0,0,0,0,0,0,0,60,272,0,1006,1267,1271,0,1555,1850,1650,0,1568,990,1669,0,1592,1548,651,0,1723,1452,0,0,1887,1886,1920,0,1755,1888,1754,0,1550,1919,1805,0,1529,1693,1567,0,1611,1451,1576,0,1540,1791,1552,0,0,0,0,0,0,0,0,0,0,0,0,0,0,0,0,0,0,594,1412,0,1649,0,0,0,0,0,0,0,0,0,0,0,0,0,0,0,0,0,0,0,0,0,0,0,0,0,0,0,0,0,195,0,2943,2007,1250,0,868,1167,1129,0,1076,899,611,0,651,1253,1606,0,835,633,764,0,726,978,1454,0,1663,1924,1696,0,1388,1060,588,0,908,1169,1874,0,1564,582,1861,0,1692,1572,1533,0,1630,1397,1435,0,753,1425,2152,0,0,0,570,0,1915,2271,1870,0,859,856,1113,0,1317,1234,1157,0,593,1368,1466,0,1470,1478,0,0,0,0,0,0
3.9875152111053467,0,0,0,0,826,820,783,0,782,774,775,0,801,809,812,0,1211,1215,1213,0,1224,1224,1234,0,1244,1252,1258,0,1274,1278,1302,0,1324,1327,1344,0,1368,1386,256,0,251,251,250,0,251,250,250,0,252,253,254,0,258,258,0,0,0,0,252,0,249,248,248,0,248,248,247,0,247,248,249,0,248,248,248,0,249,249,250,0,252,252,254,0,0,0,0,0,259,259,257,0,256,256,255,0,255,254,257,0,257,257,261,0,0,0,0,0,0,0,0,0,1843,0,1683,0,1547,1557,1571,0,1946,1762,1736,0,1651,1713,1736,0,0,0,0,0,2095,2086,0,0,0,2567,0,0,2342,0,0,0,2132,2088,2039,0,1976,1935,1870,0,1820,1791,1762,0,1710,1691,1666,0,1621,1607,1576,0,1537,1521,1511,0,0,0,0,0,0,0,0,0,0,0,0,0,0,0,805,0,748,717,650,0,633,630,627,0,616,626,629,0,627,631,687,0,737,785,0,0,1325,1321,1319,0,1332,1339,1352,0,1369,1365,1372,0,1394,1404,1412,0,1427,1436,1466,0,1484,1502,1518,0,0,0,0,0,0,0,0,0,0,0,0,0,0,0,0,0,0,829,798,0,771,0,0,0,0,0,0,0,0,0,0,0,0,0,0,0,0,0,0,0,0,0,0,0,0,0,0,0,0,0,679,0,661,666,672,0,694,697,704,0,714,725,732,0,880,884,891,0,907,922,933,0,967,974,988,0,997,995,988,0,973,961,940,0,885,871,858,0,858,883,1141,0,1161,1182,1190,0,1219,1229,1252,0,1065,1041,1027,0,0,0,1069,0,1222,1221,1226,0,902,892,876,0,861,861,854,0,863,841,840,0,829,829,0,0,0,0,0,0,0,0,0,0,13,99,1046,0,6614,6404,8137,0,248,68,9,0,1720,2153,1997,0,2019,1941,1781,0,2085,1654,1570,0,1608,1933,1777,0,1696,1625,1780,0,1441,1546,1706,0,7843,8262,12116,0,13515,10365,9336,0,7402,6916,5782,0,2557,78,0,0,0,0,1186,0,6927,7553,8555,0,9208,9105,9892,0,10591,10726,11272,0,11144,9712,9904,0,8854,9152,8703,0,7351,5815,3377,0,0,0,0,0,1968,3742,6575,0,7952,8945,9421,0,9648,21638,13618,0,8817,7148,4619,0,0,0,0,0,0,0,0,0,45,0,7,0,1370,1277,1191,0,132,138,7,0,1260,31,12,0,0,0,0,0,652,1034,0,0,0,416,0,0,506,0,0,0,511,741,805,0,798,821,1127,0,1058,1147,1145,0,1143,1181,1195,0,1376,1355,1447,0,1516,1523,1513,0,0,0,0,0,0,0,0,0,0,0,0,0,0,0,344,0,1126,1052,1359,0,1508,1814,1556,0,1654,1162,1541,0,1722,1761,576,0,1735,1230,0,0,1930,1886,1783,0,1803,1811,1774,0,1503,1885,1773,0,1498,1641,1699,0,1610,1400,1558,0,1567,1794,1558,0,0,0,0,0,0,0,0,0,0,0,0,0,0,0,0,0,0,580,1426,0,1558,0,0,0,0,0,0,0,0,0,0,0,0,0,0,0,0,0,0,0,0,0,0,0,0,0,0,0,0,0,244,0,3045,2348,973,0,824,1301,1060,0,1102,808,676,0,673,1180,1747,0,827,722,723,0,748,958,1233,0,1756,1995,1561,0,1338,1096,579,0,883,1239,1792,0,1660,599,1508,0,1487,1521,1543,0,1588,1390,1467,0,739,1350,1801,0,0,0,534,0,1959,2316,1822,0,827,1022,1035,0,1222,1224,1093,0,434,1339,1400,0,1442,1513,0,0,0,0,0,0
3.9932618141174316,0,0,0,0,826,822,785,0,782,774,775,0,799,804,819,0,1211,1216,1212,0,1226,1222,1232,0,1245,1252,1258,0,1275,1282,1304,0,1329,1335,1344,0,1368,1385,257,0,251,250,250,0,251,250,249,0,252,253,254,0,258,256,0,0,0,0,253,0,249,248,248,0,248,247,248,0,248,248,249,0,248,248,248,0,250,249,249,0,251,252,255,0,0,0,0,0,260,258,256,0,256,255,255,0,255,255,256,0,257,257,261,0,0,0,0,0,0,0,0,0,1861,0,1700,0,1554,1563,1565,0,1924,1768,1751,0,1653,1729,1739,0,0,0,0,0,2096,2087,0,0,0,2567,2487,0,2334,0,0,0,2135,2092,2039,0,1981,1939,1871,0,1816,1795,1765,0,1715,1683,1669,0,1623,1604,1577,0,1537,1523,1510,0,0,0,679,0,0,0,0,0,0,0,0,0,0,1405,812,0,747,715,652,0,633,628,627,0,616,624,632,0,626,633,685,0,740,785,0,0,1324,1324,1319,0,1333,1342,1353,0,1370,1368,1375,0,1394,1401,1413,0,1427,1434,1466,0,1484,1503,1518,0,0,0,0,0,0,0,0,0,0,0,0,0,0,0,0,0,0,830,800,0,772,0,0,0,0,0,0,0,0,0,0,0,0,0,0,0,0,0,0,0,0,0,0,0,0,0,0,0,0,0,677,0,660,667,674,0,695,700,704,0,714,722,732,0,876,883,890,0,908,923,929,0,967,978,989,0,995,993,985,0,974,957,938,0,884,873,858,0,864,884,1141,0,1161,1179,1184,0,1218,1231,1247,0,1061,1041,1028,0,0,0,1068,0,1223,1224,1220,0,906,894,875,0,860,864,854,0,860,845,837,0,828,828,0,0,0,0,0,0,0,0,0,0,9,88,1053,0,6590,6422,8138,0,265,77,12,0,1719,2135,1953,0,2041,1965,1828,0,2002,1659,1563,0,1644,1863,1801,0,1667,1514,1819,0,1394,1430,1786,0,7915,8298,11615,0,14863,10145,9654,0,7503,6928,5806,0,2308,8,0,0,0,0,1635,0,7020,7612,8693,0,8510,9031,10106,0,10735,10321,10592,0,10877,9740,9888,0,9074,8806,8507,0,7158,5760,3882,0,0,0,0,0,2034,3644,6820,0,8200,8749,9188,0,9638,22821,11989,0,8659,7296,4445,0,0,0,0,0,0,0,0,0,6,0,22,0,1408,1140,1197,0,141,74,13,0,1345,30,14,0,0,0,0,0,624,1028,0,0,0,436,5,0,539,0,0,0,519,687,834,0,827,804,1121,0,1131,1152,1144,0,1051,1214,1105,0,1474,1284,1412,0,1500,1476,1448,0,0,0,9,0,0,0,0,0,0,0,0,0,0,24,324,0,1055,1232,1333,0,1820,1979,1469,0,1483,919,1628,0,1573,1400,567,0,1775,1548,0,0,1825,1867,1999,0,1699,1775,1745,0,1522,1914,1757,0,1556,1705,1597,0,1599,1479,1574,0,1542,1801,1572,0,0,0,0,0,0,0,0,0,0,0,0,0,0,0,0,0,0,625,1393,0,1633,0,0,0,0,0,0,0,0,0,0,0,0,0,0,0,0,0,0,0,0,0,0,0,0,0,0,0,0,0,394,0,3034,2291,1101,0,832,1122,1179,0,1131,999,819,0,677,1143,1672,0,783,659,799,0,760,966,1452,0,1681,1974,1768,0,1372,1037,570,0,936,1181,2088,0,1534,663,1791,0,1825,1628,1580,0,1436,1302,1518,0,754,1344,2052,0,0,0,556,0,1839,2146,1914,0,937,1065,1077,0,1250,1264,1120,0,468,1470,1327,0,1480,1670,0,0,0,0,0,0
4.388862609863281,0,0,0,0,826,821,786,0,786,772,775,0,803,809,819,0,1210,1215,1214,0,1226,1223,1234,0,1246,1252,1259,0,1275,1280,1302,0,1325,1326,1344,0,1369,1389,257,0,251,250,250,0,251,250,250,0,252,254,254,0,258,0,0,0,0,0,252,0,249,249,248,0,248,247,247,0,247,248,249,0,249,248,247,0,250,249,249,0,251,252,254,0,0,0,0,0,260,259,256,0,256,255,255,0,255,254,257,0,256,257,261,0,0,0,0,0,0,0,0,0,0,0,0,0,1548,1558,1566,0,1942,1779,0,0,0,1806,1702,0,0,0,0,0,2081,2089,0,0,0,2573,0,0,2337,0,0,0,2133,2090,2042,0,1977,1935,1871,0,1816,1793,1766,0,1714,1686,1670,0,1623,1607,1575,0,1538,1522,1510,0,0,0,0,0,0,0,0,0,0,0,0,0,0,0,807,0,744,716,649,0,634,633,628,0,613,627,633,0,625,630,682,0,738,786,0,0,1325,1323,1322,0,1333,1338,1353,0,1370,1369,1373,0,1393,1402,1413,0,1426,1438,1466,0,1484,1503,1517,0,0,0,0,0,0,0,0,0,0,0,0,0,0,0,0,0,0,834,797,0,772,0,0,0,0,0,0,0,0,0,0,0,0,0,0,0,0,0,0,0,0,0,0,0,0,0,0,0,0,0,683,0,663,667,674,0,694,701,705,0,712,725,731,0,878,884,889,0,908,924,932,0,964,976,986,0,996,997,988,0,973,963,944,0,888,872,859,0,867,881,1139,0,1162,1178,1186,0,1214,1226,1252,0,1065,1039,1031,0,0,0,1067,0,1222,1220,1225,0,900,893,876,0,862,864,855,0,861,844,837,0,828,830,0,0,0,0,0,0,0,0,0,0,14,80,927,0,6533,6619,8191,0,234,65,6,0,1736,2014,2032,0,1998,1966,1659,0,2001,1688,1554,0,1633,1901,1806,0,1664,1656,1742,0,1466,1583,1533,0,7886,8251,11801,0,13806,10240,9299,0,7409,6519,5382,0,2185,0,0,0,0,0,1234,0,6667,7548,8164,0,8532,8931,10034,0,10607,10891,11834,0,12785,10570,10068,0,9277,8688,8656,0,7194,5695,3531,0,0,0,0,0,2322,3985,7060,0,8234,8738,9354,0,9572,21700,13897,0,8550,7412,4700,0,0,0,0,0,0,0,0,0,0,0,0,0,1316,1224,1196,0,162,107,0,0,0,146,444,0,0,0,0,0,595,1055,0,0,0,401,0,0,518,0,0,0,493,749,752,0,849,922,1153,0,1123,1114,1074,0,1100,1227,1149,0,1416,1342,1449,0,1515,1465,1577,0,0,0,0,0,0,0,0,0,0,0,0,0,0,0,343,0,1116,1196,1559,0,1522,1719,1559,0,1614,971,1630,0,1511,1569,464,0,1697,1354,0,0,1831,1925,1917,0,1855,1817,1783,0,1532,1851,1776,0,1510,1664,1743,0,1584,1449,1675,0,1507,1776,1514,0,0,0,0,0,0,0,0,0,0,0,0,0,0,0,0,0,0,493,1458,0,1524,0,0,0,0,0,0,0,0,0,0,0,0,0,0,0,0,0,0,0,0,0,0,0,0,0,0,0,0,0,178,0,2919,2191,1223,0,888,1085,1171,0,1080,965,719,0,812,1210,1669,0,823,580,782,0,717,905,1257,0,1742,2183,1598,0,1299,1050,555,0,893,1059,2055,0,1547,628,1847,0,1689,1493,1561,0,1660,1402,1519,0,742,1388,2001,0,0,0,541,0,1946,2450,1907,0,858,921,1118,0,1238,1280,1084,0,428,1331,1416,0,1513,1569,0,0,0,0,0,0
4.607059478759766,0,0,0,0,827,823,782,0,781,774,776,0,800,808,816,0,1211,1215,1213,0,1223,1226,1235,0,1247,1254,1261,0,1270,1280,1304,0,1325,1325,1345,0,1367,1389,256,0,251,250,250,0,251,250,250,0,252,253,254,0,258,258,0,0,0,0,253,0,249,248,248,0,248,248,247,0,247,249,249,0,248,248,248,0,249,249,250,0,252,252,255,0,0,0,0,0,260,258,256,0,256,255,255,0,255,254,256,0,257,257,261,0,0,0,0,0,0,0,0,0,1854,0,1702,0,1547,1557,1569,0,1948,1767,1749,0,1656,1798,1722,0,0,0,0,0,2091,2098,0,0,0,2573,0,0,2334,0,0,0,2132,2092,2040,0,1976,1935,1870,0,1820,1792,1765,0,1714,1683,1669,0,1625,1605,1577,0,1539,1523,1511,0,0,0,0,0,0,0,0,0,0,0,0,0,0,0,795,0,742,705,648,0,635,629,624,0,615,631,633,0,626,631,682,0,742,788,0,0,1325,1320,1321,0,1332,1339,1354,0,1369,1363,1372,0,1391,1407,1412,0,1420,1439,1467,0,1485,1502,1516,0,0,0,0,0,0,0,0,0,0,0,0,0,0,0,0,0,0,830,797,0,772,0,0,0,0,0,0,0,0,0,0,0,0,0,0,0,0,0,0,0,0,0,0,0,0,0,0,0,0,0,685,0,664,665,674,0,696,701,707,0,712,725,733,0,879,885,890,0,907,921,934,0,963,971,989,0,995,994,987,0,975,967,948,0,892,871,859,0,865,878,1142,0,1158,1178,1183,0,1215,1229,1255,0,1065,1038,1031,0,0,0,1069,0,1223,1224,1226,0,901,894,877,0,861,864,854,0,860,844,837,0,829,829,0,0,0,0,0,0,0,0,0,0,16,84,945,0,6637,6483,8152,0,251,71,12,0,1766,2232,1932,0,2016,1950,1709,0,2040,1601,1566,0,1660,1915,1815,0,1645,1660,1745,0,1478,1585,1529,0,7758,8273,11879,0,14009,10289,9513,0,7456,6809,5909,0,2472,20,0,0,0,0,1405,0,6825,7594,8536,0,8788,8928,10013,0,10749,10394,10949,0,11073,9812,9872,0,8892,9018,8319,0,7262,5682,3458,0,0,0,0,0,2195,3766,6726,0,8053,8912,9417,0,9572,22014,12197,0,8808,7212,4606,0,0,0,0,0,0,0,0,0,6,0,9,0,1415,1243,1142,0,116,148,9,0,603,120,69,0,0,0,0,0,562,975,0,0,0,445,0,0,526,0,0,0,526,667,781,0,833,776,1119,0,1073,1103,1063,0,1071,1230,1142,0,1476,1314,1402,0,1490,1467,1491,0,0,0,0,0,0,0,0,0,0,0,0,0,0,0,353,0,1005,821,1400,0,1513,1809,1453,0,1554,1096,1460,0,1748,1546,803,0,1304,1393,0,0,1880,1889,1842,0,1807,1833,1784,0,1506,1912,1753,0,1610,1638,1837,0,1717,1504,1585,0,1541,1773,1465,0,0,0,0,0,0,0,0,0,0,0,0,0,0,0,0,0,0,486,1417,0,1482,0,0,0,0,0,0,0,0,0,0,0,0,0,0,0,0,0,0,0,0,0,0,0,0,0,0,0,0,0,170,0,2913,2249,1222,0,850,1119,1097,0,1092,927,728,0,769,1081,1730,0,844,729,730,0,778,977,1199,0,1740,2074,1575,0,1152,923,649,0,848,1138,2293,0,1635,781,1873,0,1772,1693,1515,0,1580,1384,1462,0,700,1339,1917,0,0,0,535,0,1917,2469,1911,0,876,945,1070,0,1241,1303,1135,0,449,1325,1401,0,1514,1628,0,0,0,0,0,0
4.6099700927734375,0,0,0,0,825,815,779,0,776,776,775,0,801,812,814,0,1212,1212,1217,0,1220,1228,1235,0,1248,1254,1261,0,1273,1280,1301,0,1325,1326,1345,0,1367,1384,256,0,251,251,250,0,251,250,250,0,252,253,254,0,258,258,0,0,0,0,253,0,249,248,248,0,249,248,247,0,247,249,249,0,248,248,248,0,249,249,250,0,252,252,255,0,0,0,0,0,260,258,257,0,256,255,254,0,255,255,257,0,257,257,261,0,0,0,0,0,0,0,0,0,1850,0,1701,0,1548,1556,1570,0,1945,1763,1746,0,1651,1763,1734,0,0,0,0,0,2099,2092,0,0,0,2570,2462,0,2333,0,0,0,2134,2092,2035,0,1973,1936,1870,0,1817,1791,1766,0,1712,1686,1670,0,1623,1608,1576,0,1537,1522,1511,0,0,0,0,0,0,0,0,0,0,0,0,0,0,0,791,0,717,676,646,0,632,629,618,0,618,625,629,0,626,632,689,0,782,787,0,0,1324,1320,1319,0,1330,1339,1353,0,1369,1365,1373,0,1392,1402,1413,0,1427,1436,1466,0,1485,1503,1518,0,0,0,0,0,0,0,0,0,0,0,0,0,0,0,0,0,0,828,797,0,772,0,0,0,0,0,0,0,0,0,0,0,0,0,0,0,0,0,0,0,0,0,0,0,0,0,0,0,0,0,681,0,662,666,672,0,694,696,705,0,714,725,734,0,881,884,890,0,908,922,933,0,965,971,989,0,993,996,987,0,973,967,946,0,893,873,859,0,865,876,1140,0,1159,1179,1185,0,1216,1226,1251,0,1066,1040,1029,0,0,0,1069,0,1223,1223,1226,0,900,893,876,0,861,864,857,0,864,844,836,0,830,828,0,0,0,0,0,0,0,0,0,0,21,123,986,0,6732,6328,8372,0,248,55,17,0,1735,2300,1952,0,1902,1934,1648,0,2004,1575,1543,0,1703,1878,1859,0,1658,1630,1789,0,1446,1450,1797,0,7809,8343,12103,0,13841,10250,9648,0,7589,7066,5884,0,2638,146,0,0,0,0,1499,0,7055,7793,8661,0,9423,8910,9940,0,10605,10524,11051,0,10884,9643,9953,0,8671,8909,8638,0,7389,5729,3462,0,0,0,0,0,1924,3627,6502,0,8071,8715,9223,0,9608,21494,13242,0,8963,7187,4644,0,0,0,0,0,0,0,0,0,20,0,16,0,1414,1298,1193,0,137,144,8,0,1081,9,14,0,0,0,0,0,643,892,0,0,0,392,7,0,532,0,0,0,534,691,833,0,814,782,1157,0,1106,1106,1065,0,1106,1240,1153,0,1419,1339,1432,0,1495,1503,1485,0,0,0,0,0,0,0,0,0,0,0,0,0,0,0,1062,0,898,1470,1715,0,1906,1622,1323,0,1504,1558,1556,0,1602,1410,1930,0,60,1361,0,0,1875,1869,1870,0,1760,1787,1763,0,1559,1933,1786,0,1539,1662,1734,0,1592,1443,1594,0,1562,1776,1550,0,0,0,0,0,0,0,0,0,0,0,0,0,0,0,0,0,0,513,1397,0,1503,0,0,0,0,0,0,0,0,0,0,0,0,0,0,0,0,0,0,0,0,0,0,0,0,0,0,0,0,0,186,0,2954,2354,983,0,803,1377,1027,0,1158,824,644,0,796,1140,1736,0,813,730,762,0,737,1016,1160,0,1866,1967,1613,0,1201,960,621,0,891,1088,2147,0,1656,760,1825,0,1723,1585,1510,0,1663,1351,1501,0,715,1304,1839,0,0,0,547,0,1903,2470,1961,0,871,942,1063,0,1212,1296,1117,0,342,1313,1339,0,1470,1585,0,0,0,0,0,0
4.993380546569824,0,0,0,0,0,821,782,0,780,776,775,0,801,812,815,0,1210,1213,1217,0,1222,1226,1235,0,1244,1253,1259,0,1272,1279,1302,0,1325,1331,1346,0,1367,1385,256,0,251,251,250,0,251,250,249,0,252,253,254,0,258,259,0,0,0,0,252,0,250,248,248,0,248,248,247,0,247,249,249,0,248,248,248,0,249,249,250,0,251,252,255,0,0,0,0,0,260,258,257,0,256,256,255,0,255,255,256,0,257,257,262,0,0,0,0,0,0,0,0,0,0,0,1705,0,1554,1563,1563,0,1925,1774,1754,0,1656,1713,1739,0,0,0,0,0,2099,2094,0,0,0,2574,0,0,2334,0,0,0,2135,2091,2039,0,1977,1937,1871,0,1816,1796,1766,0,1715,1685,1669,0,1623,1604,1576,0,1538,1521,1510,0,0,0,0,0,0,0,0,0,0,0,0,0,0,0,782,0,719,673,643,0,629,628,619,0,614,625,630,0,625,631,683,0,771,787,0,0,1320,1328,1319,0,1332,1342,1354,0,1367,1366,1376,0,1391,1401,1411,0,1427,1436,1467,0,1486,1504,1517,0,0,0,0,0,0,0,0,0,0,0,0,0,0,0,0,0,0,829,797,0,772,0,0,0,0,0,0,0,0,0,0,0,0,0,0,0,0,0,0,0,0,0,0,0,0,0,0,0,0,0,685,0,663,667,674,0,693,698,705,0,714,725,734,0,879,882,890,0,909,923,933,0,968,977,986,0,993,994,987,0,973,963,944,0,890,873,860,0,865,877,1141,0,1157,1178,1183,0,1215,1230,1257,0,1066,1041,1026,0,0,0,1068,0,1225,1217,1222,0,901,894,877,0,866,866,856,0,862,845,835,0,828,827,0,0,0,0,0,0,0,0,0,0,0,93,1253,0,6168,6370,8414,0,244,57,17,0,1723,2245,1985,0,1959,1954,1736,0,2089,1627,1524,0,1672,1890,1862,0,1620,1623,1797,0,1556,1453,1774,0,7959,8202,11926,0,14330,10153,9553,0,7639,6973,5888,0,2606,69,0,0,0,0,1685,0,7201,7720,8755,0,9029,9010,10063,0,10824,10347,10786,0,10588,9720,9882,0,8847,9010,8204,0,7184,5679,3995,0,0,0,0,0,1819,3620,6525,0,8051,9086,9384,0,9507,22492,11967,0,8594,7354,4436,0,0,0,0,0,0,0,0,0,0,0,17,0,1390,1139,1194,0,143,54,18,0,1379,50,15,0,0,0,0,0,626,869,0,0,0,408,0,0,527,0,0,0,525,679,820,0,806,799,1131,0,1114,1140,1133,0,1078,1209,1110,0,1483,1302,1417,0,1459,1516,1435,0,0,0,0,0,0,0,0,0,0,0,0,0,0,0,927,0,908,1509,1535,0,1828,1610,1392,0,1479,1613,1803,0,1719,1586,2102,0,144,1196,0,0,1905,1868,1974,0,1703,1807,1745,0,1578,1956,1758,0,1489,1729,1571,0,1603,1601,1662,0,1573,1726,1606,0,0,0,0,0,0,0,0,0,0,0,0,0,0,0,0,0,0,540,1423,0,1489,0,0,0,0,0,0,0,0,0,0,0,0,0,0,0,0,0,0,0,0,0,0,0,0,0,0,0,0,0,151,0,2965,2114,1088,0,833,1297,1044,0,1122,803,600,0,766,1200,1654,0,821,633,747,0,742,950,1376,0,1883,2258,1642,0,1346,1032,561,0,939,1077,1994,0,1631,728,1776,0,1850,1664,1473,0,1596,1397,1541,0,711,1311,2121,0,0,0,575,0,1786,2120,1844,0,878,924,1138,0,1302,1254,1194,0,338,1430,1396,0,1487,1617,0,0,0,0,0,0
