Ref,Val,Package,PosX,PosY,Rot,Side
"C3","10u","CP_Elec_5x5.4",25.941000,-19.479000,180.000000,top
"C5","10u","CP_Elec_5x5.4",-5.809000,-20.241000,0.000000,top
"C30","100u","CP_Radial_D10.0mm_P5.00mm",4.605000,-18.978155,90.000000,top
"C31","10u","CP_Elec_5x5.4",41.943000,-12.494000,90.000000,top
"D1","Fault","LED_0603_1608Metric",-7.206000,-25.829000,90.000000,top
"D2","ST","LED_0603_1608Metric",-4.539000,-25.829000,90.000000,top
"D3","5V","LED_0603_1608Metric",-4.666000,1.730000,-90.000000,top
"D8","12V","LED_0603_1608Metric",-7.333000,1.730000,-90.000000,top
"J1","AVR-ISP-6","PinHeader_2x03_P2.54mm_Vertical",32.418000,-19.733000,0.000000,top
"J2","12V","BarrelJack_Horizontal",0.318000,-7.218500,0.000000,top
"J3","I2C","Molex_KK-254_AE-6410-04A_1x04_P2.54mm_Vertical",48.567000,-10.335000,90.000000,top
"J4","RS485","Molex_KK-254_AE-6410-04A_1x04_P2.54mm_Vertical",48.547000,-21.638000,90.000000,top
"J5","Stepper","Molex_KK-254_AE-6410-04A_1x04_P2.54mm_Vertical",13.749000,1.496000,180.000000,top
"J6","Stepper","Molex_KK-254_AE-6410-04A_1x04_P2.54mm_Vertical",24.925000,1.496000,180.000000,top
"J7","Stepper","Molex_KK-254_AE-6410-04A_1x04_P2.54mm_Vertical",36.101000,1.496000,180.000000,top
"RV1","4.7k","Potentiometer_Bourns_3314J_Vertical",18.321000,-22.400000,-90.000000,top
